U set;U actual;I set;I actual;P set;P actual;R set;R actual;R mode;Output/Input;Device mode;Error;Time
48,00V;0,00V;6,00A;0,00A;350W;0W;N/A;N/A;Off;Off;Off;None;13.01.2026 19:14:57.991
48,00V;0,00V;6,00A;0,00A;350W;0W;N/A;N/A;Off;Off;Off;None;13.01.2026 19:14:58.092
48,00V;0,00V;6,00A;0,00A;350W;0W;N/A;N/A;Off;Off;Off;None;13.01.2026 19:14:58.191
48,00V;0,00V;6,00A;0,00A;350W;0W;N/A;N/A;Off;Off;Off;None;13.01.2026 19:14:58.291
48,00V;0,00V;6,00A;0,00A;350W;0W;N/A;N/A;Off;Off;Off;None;13.01.2026 19:14:58.392
48,00V;0,00V;6,00A;0,00A;350W;0W;N/A;N/A;Off;Off;Off;None;13.01.2026 19:14:58.491
48,00V;0,00V;6,00A;0,00A;350W;0W;N/A;N/A;Off;Off;Off;None;13.01.2026 19:14:58.591
48,00V;0,00V;6,00A;0,00A;350W;0W;N/A;N/A;Off;Off;Off;None;13.01.2026 19:14:58.691
48,00V;0,00V;6,00A;0,00A;350W;0W;N/A;N/A;Off;Off;Off;None;13.01.2026 19:14:58.791
48,00V;0,00V;6,00A;0,00A;350W;0W;N/A;N/A;Off;Off;Off;None;13.01.2026 19:14:58.891
48,00V;0,00V;6,00A;0,00A;350W;0W;N/A;N/A;Off;Off;Off;None;13.01.2026 19:14:58.991
48,00V;0,00V;6,00A;0,00A;350W;0W;N/A;N/A;Off;Off;Off;None;13.01.2026 19:14:59.091
48,00V;0,00V;6,00A;0,00A;350W;0W;N/A;N/A;Off;Off;Off;None;13.01.2026 19:14:59.192
48,00V;0,00V;6,00A;0,00A;350W;0W;N/A;N/A;Off;Off;Off;None;13.01.2026 19:14:59.291
48,00V;0,00V;6,00A;0,00A;350W;0W;N/A;N/A;Off;Off;Off;None;13.01.2026 19:14:59.392
48,00V;0,00V;6,00A;0,00A;350W;0W;N/A;N/A;Off;Off;Off;None;13.01.2026 19:14:59.491
48,00V;0,00V;6,00A;0,00A;350W;0W;N/A;N/A;Off;Off;Off;None;13.01.2026 19:14:59.591
48,00V;0,00V;6,00A;0,00A;350W;0W;N/A;N/A;Off;Off;Off;None;13.01.2026 19:14:59.691
48,00V;0,00V;6,00A;0,00A;350W;0W;N/A;N/A;Off;Off;Off;None;13.01.2026 19:14:59.791
48,00V;0,00V;6,00A;0,00A;350W;0W;N/A;N/A;Off;Off;Off;None;13.01.2026 19:14:59.891
48,00V;0,00V;6,00A;0,00A;350W;0W;N/A;N/A;Off;Off;Off;None;13.01.2026 19:14:59.991
48,00V;0,00V;6,00A;0,00A;350W;0W;N/A;N/A;Off;Off;Off;None;13.01.2026 19:15:00.092
48,00V;0,00V;6,00A;0,00A;350W;0W;N/A;N/A;Off;Off;Off;None;13.01.2026 19:15:00.191
48,00V;0,00V;6,00A;0,00A;350W;0W;N/A;N/A;Off;Off;Off;None;13.01.2026 19:15:00.291
48,00V;0,00V;6,00A;0,00A;350W;0W;N/A;N/A;Off;Off;Off;None;13.01.2026 19:15:00.391
48,00V;0,00V;6,00A;0,00A;350W;0W;N/A;N/A;Off;Off;Off;None;13.01.2026 19:15:00.492
48,00V;0,00V;6,00A;0,00A;350W;0W;N/A;N/A;Off;Off;Off;None;13.01.2026 19:15:00.591
48,00V;0,00V;6,00A;0,00A;350W;0W;N/A;N/A;Off;Off;Off;None;13.01.2026 19:15:00.692
48,00V;0,00V;6,00A;0,00A;350W;0W;N/A;N/A;Off;Off;Off;None;13.01.2026 19:15:00.792
48,00V;0,00V;6,00A;0,00A;350W;0W;N/A;N/A;Off;Off;Off;None;13.01.2026 19:15:00.892
48,00V;0,00V;6,00A;0,00A;350W;0W;N/A;N/A;Off;Off;Off;None;13.01.2026 19:15:00.991
48,00V;0,00V;6,00A;0,00A;350W;0W;N/A;N/A;Off;Off;Off;None;13.01.2026 19:15:01.092
48,00V;0,00V;6,00A;0,00A;350W;0W;N/A;N/A;Off;Off;Off;None;13.01.2026 19:15:01.191
48,00V;0,00V;6,00A;0,00A;350W;0W;N/A;N/A;Off;Off;Off;None;13.01.2026 19:15:01.291
48,00V;0,00V;6,00A;0,00A;350W;0W;N/A;N/A;Off;Off;Off;None;13.01.2026 19:15:01.391
48,00V;0,00V;6,00A;0,00A;350W;0W;N/A;N/A;Off;Off;Off;None;13.01.2026 19:15:01.491
48,00V;0,00V;6,00A;0,00A;350W;0W;N/A;N/A;Off;Off;Off;None;13.01.2026 19:15:01.591
48,00V;0,00V;6,00A;0,00A;350W;0W;N/A;N/A;Off;Off;Off;None;13.01.2026 19:15:01.692
48,00V;20,51V;6,00A;1,07A;350W;30W;N/A;N/A;Off;On;CV;None;13.01.2026 19:15:01.792
48,00V;37,68V;6,00A;0,39A;350W;13W;N/A;N/A;Off;On;CV;None;13.01.2026 19:15:01.892
48,00V;46,57V;6,00A;0,09A;350W;4W;N/A;N/A;Off;On;CV;None;13.01.2026 19:15:01.991
48,00V;47,47V;6,00A;0,10A;350W;4W;N/A;N/A;Off;On;CV;None;13.01.2026 19:15:02.091
48,00V;47,94V;6,00A;0,08A;350W;4W;N/A;N/A;Off;On;CV;None;13.01.2026 19:15:02.191
48,00V;48,00V;6,00A;0,08A;350W;4W;N/A;N/A;Off;On;CV;None;13.01.2026 19:15:02.291
48,00V;48,00V;6,00A;0,08A;350W;4W;N/A;N/A;Off;On;CV;None;13.01.2026 19:15:02.392
48,00V;48,01V;6,00A;0,07A;350W;4W;N/A;N/A;Off;On;CV;None;13.01.2026 19:15:02.492
48,00V;48,01V;6,00A;0,08A;350W;4W;N/A;N/A;Off;On;CV;None;13.01.2026 19:15:02.591
48,00V;48,01V;6,00A;0,08A;350W;4W;N/A;N/A;Off;On;CV;None;13.01.2026 19:15:02.691
48,00V;48,01V;6,00A;0,08A;350W;4W;N/A;N/A;Off;On;CV;None;13.01.2026 19:15:02.792
48,00V;48,01V;6,00A;0,08A;350W;4W;N/A;N/A;Off;On;CV;None;13.01.2026 19:15:02.891
48,00V;48,01V;6,00A;0,08A;350W;4W;N/A;N/A;Off;On;CV;None;13.01.2026 19:15:02.991
48,00V;48,01V;6,00A;0,08A;350W;4W;N/A;N/A;Off;On;CV;None;13.01.2026 19:15:03.091
48,00V;48,01V;6,00A;0,08A;350W;4W;N/A;N/A;Off;On;CV;None;13.01.2026 19:15:03.192
48,00V;48,01V;6,00A;0,08A;350W;4W;N/A;N/A;Off;On;CV;None;13.01.2026 19:15:03.292
48,00V;48,01V;6,00A;0,08A;350W;4W;N/A;N/A;Off;On;CV;None;13.01.2026 19:15:03.391
48,00V;48,01V;6,00A;0,08A;350W;4W;N/A;N/A;Off;On;CV;None;13.01.2026 19:15:03.491
48,00V;48,01V;6,00A;0,08A;350W;4W;N/A;N/A;Off;On;CV;None;13.01.2026 19:15:03.592
48,00V;48,01V;6,00A;0,08A;350W;4W;N/A;N/A;Off;On;CV;None;13.01.2026 19:15:03.691
48,00V;48,01V;6,00A;0,08A;350W;4W;N/A;N/A;Off;On;CV;None;13.01.2026 19:15:03.791
48,00V;48,01V;6,00A;0,08A;350W;4W;N/A;N/A;Off;On;CV;None;13.01.2026 19:15:03.892
48,00V;48,01V;6,00A;0,08A;350W;4W;N/A;N/A;Off;On;CV;None;13.01.2026 19:15:03.991
48,00V;48,01V;6,00A;0,08A;350W;4W;N/A;N/A;Off;On;CV;None;13.01.2026 19:15:04.091
48,00V;48,01V;6,00A;0,08A;350W;4W;N/A;N/A;Off;On;CV;None;13.01.2026 19:15:04.191
48,00V;48,01V;6,00A;0,08A;350W;4W;N/A;N/A;Off;On;CV;None;13.01.2026 19:15:04.291
48,00V;48,01V;6,00A;0,08A;350W;4W;N/A;N/A;Off;On;CV;None;13.01.2026 19:15:04.392
48,00V;48,01V;6,00A;0,08A;350W;4W;N/A;N/A;Off;On;CV;None;13.01.2026 19:15:04.491
48,00V;48,01V;6,00A;0,08A;350W;4W;N/A;N/A;Off;On;CV;None;13.01.2026 19:15:04.591
48,00V;48,01V;6,00A;0,08A;350W;4W;N/A;N/A;Off;On;CV;None;13.01.2026 19:15:04.691
48,00V;48,01V;6,00A;0,08A;350W;4W;N/A;N/A;Off;On;CV;None;13.01.2026 19:15:04.792
48,00V;48,01V;6,00A;0,08A;350W;4W;N/A;N/A;Off;On;CV;None;13.01.2026 19:15:04.891
48,00V;48,01V;6,00A;0,08A;350W;4W;N/A;N/A;Off;On;CV;None;13.01.2026 19:15:04.991
48,00V;48,01V;6,00A;0,08A;350W;4W;N/A;N/A;Off;On;CV;None;13.01.2026 19:15:05.091
48,00V;48,01V;6,00A;0,08A;350W;4W;N/A;N/A;Off;On;CV;None;13.01.2026 19:15:05.191
48,00V;48,01V;6,00A;0,08A;350W;4W;N/A;N/A;Off;On;CV;None;13.01.2026 19:15:05.291
48,00V;48,01V;6,00A;0,08A;350W;4W;N/A;N/A;Off;On;CV;None;13.01.2026 19:15:05.391
48,00V;48,01V;6,00A;0,08A;350W;4W;N/A;N/A;Off;On;CV;None;13.01.2026 19:15:05.491
48,00V;48,01V;6,00A;0,08A;350W;4W;N/A;N/A;Off;On;CV;None;13.01.2026 19:15:05.591
48,00V;48,01V;6,00A;0,08A;350W;4W;N/A;N/A;Off;On;CV;None;13.01.2026 19:15:05.692
48,00V;48,01V;6,00A;0,08A;350W;4W;N/A;N/A;Off;On;CV;None;13.01.2026 19:15:05.791
48,00V;48,01V;6,00A;0,08A;350W;4W;N/A;N/A;Off;On;CV;None;13.01.2026 19:15:05.891
48,00V;48,01V;6,00A;0,08A;350W;4W;N/A;N/A;Off;On;CV;None;13.01.2026 19:15:05.992
48,00V;48,01V;6,00A;0,08A;350W;4W;N/A;N/A;Off;On;CV;None;13.01.2026 19:15:06.091
48,00V;48,01V;6,00A;0,08A;350W;4W;N/A;N/A;Off;On;CV;None;13.01.2026 19:15:06.191
48,00V;48,01V;6,00A;0,08A;350W;4W;N/A;N/A;Off;On;CV;None;13.01.2026 19:15:06.291
48,00V;48,01V;6,00A;0,08A;350W;4W;N/A;N/A;Off;On;CV;None;13.01.2026 19:15:06.391
48,00V;48,01V;6,00A;0,08A;350W;4W;N/A;N/A;Off;On;CV;None;13.01.2026 19:15:06.491
48,00V;48,01V;6,00A;0,08A;350W;4W;N/A;N/A;Off;On;CV;None;13.01.2026 19:15:06.591
48,00V;48,01V;6,00A;0,08A;350W;4W;N/A;N/A;Off;On;CV;None;13.01.2026 19:15:06.691
48,00V;48,01V;6,00A;0,08A;350W;4W;N/A;N/A;Off;On;CV;None;13.01.2026 19:15:06.791
48,00V;48,01V;6,00A;0,08A;350W;4W;N/A;N/A;Off;On;CV;None;13.01.2026 19:15:06.891
48,00V;48,01V;6,00A;0,08A;350W;4W;N/A;N/A;Off;On;CV;None;13.01.2026 19:15:06.991
48,00V;48,01V;6,00A;0,07A;350W;4W;N/A;N/A;Off;On;CV;None;13.01.2026 19:15:07.092
48,00V;48,01V;6,00A;0,08A;350W;4W;N/A;N/A;Off;On;CV;None;13.01.2026 19:15:07.191
48,00V;48,01V;6,00A;0,07A;350W;4W;N/A;N/A;Off;On;CV;None;13.01.2026 19:15:07.291
48,00V;48,01V;6,00A;0,07A;350W;4W;N/A;N/A;Off;On;CV;None;13.01.2026 19:15:07.391
48,00V;48,01V;6,00A;0,07A;350W;4W;N/A;N/A;Off;On;CV;None;13.01.2026 19:15:07.491
48,00V;48,01V;6,00A;0,07A;350W;4W;N/A;N/A;Off;On;CV;None;13.01.2026 19:15:07.591
48,00V;48,01V;6,00A;0,07A;350W;4W;N/A;N/A;Off;On;CV;None;13.01.2026 19:15:07.691
48,00V;48,01V;6,00A;0,07A;350W;4W;N/A;N/A;Off;On;CV;None;13.01.2026 19:15:07.791
48,00V;48,01V;6,00A;0,07A;350W;4W;N/A;N/A;Off;On;CV;None;13.01.2026 19:15:07.891
48,00V;48,01V;6,00A;0,07A;350W;4W;N/A;N/A;Off;On;CV;None;13.01.2026 19:15:07.991
48,00V;48,01V;6,00A;0,07A;350W;4W;N/A;N/A;Off;On;CV;None;13.01.2026 19:15:08.091
48,00V;48,01V;6,00A;0,08A;350W;4W;N/A;N/A;Off;On;CV;None;13.01.2026 19:15:08.191
48,00V;48,01V;6,00A;0,08A;350W;4W;N/A;N/A;Off;On;CV;None;13.01.2026 19:15:08.291
48,00V;48,01V;6,00A;0,08A;350W;4W;N/A;N/A;Off;On;CV;None;13.01.2026 19:15:08.391
48,00V;48,01V;6,00A;0,07A;350W;4W;N/A;N/A;Off;On;CV;None;13.01.2026 19:15:08.491
48,00V;48,01V;6,00A;0,08A;350W;4W;N/A;N/A;Off;On;CV;None;13.01.2026 19:15:08.591
48,00V;48,01V;6,00A;0,08A;350W;4W;N/A;N/A;Off;On;CV;None;13.01.2026 19:15:08.699
48,00V;48,01V;6,00A;0,08A;350W;4W;N/A;N/A;Off;On;CV;None;13.01.2026 19:15:08.806
48,00V;48,01V;6,00A;0,08A;350W;4W;N/A;N/A;Off;On;CV;None;13.01.2026 19:15:08.898
48,00V;48,01V;6,00A;0,08A;350W;4W;N/A;N/A;Off;On;CV;None;13.01.2026 19:15:08.991
48,00V;48,01V;6,00A;0,08A;350W;4W;N/A;N/A;Off;On;CV;None;13.01.2026 19:15:09.099
48,00V;48,01V;6,00A;0,08A;350W;4W;N/A;N/A;Off;On;CV;None;13.01.2026 19:15:09.193
48,00V;48,01V;6,00A;0,08A;350W;4W;N/A;N/A;Off;On;CV;None;13.01.2026 19:15:09.300
48,00V;48,01V;6,00A;0,08A;350W;4W;N/A;N/A;Off;On;CV;None;13.01.2026 19:15:09.395
48,00V;48,01V;6,00A;0,08A;350W;4W;N/A;N/A;Off;On;CV;None;13.01.2026 19:15:09.505
48,00V;48,01V;6,00A;0,08A;350W;4W;N/A;N/A;Off;On;CV;None;13.01.2026 19:15:09.599
48,00V;48,01V;6,00A;0,08A;350W;4W;N/A;N/A;Off;On;CV;None;13.01.2026 19:15:09.695
48,00V;48,01V;6,00A;0,08A;350W;4W;N/A;N/A;Off;On;CV;None;13.01.2026 19:15:09.804
48,00V;48,01V;6,00A;0,08A;350W;4W;N/A;N/A;Off;On;CV;None;13.01.2026 19:15:09.898
48,00V;48,01V;6,00A;0,08A;350W;4W;N/A;N/A;Off;On;CV;None;13.01.2026 19:15:09.992
48,00V;48,01V;6,00A;0,08A;350W;4W;N/A;N/A;Off;On;CV;None;13.01.2026 19:15:10.102
48,00V;48,01V;6,00A;0,08A;350W;4W;N/A;N/A;Off;On;CV;None;13.01.2026 19:15:10.194
48,00V;48,01V;6,00A;0,07A;350W;4W;N/A;N/A;Off;On;CV;None;13.01.2026 19:15:10.303
48,00V;48,01V;6,00A;0,07A;350W;4W;N/A;N/A;Off;On;CV;None;13.01.2026 19:15:10.396
48,00V;48,01V;6,00A;0,07A;350W;4W;N/A;N/A;Off;On;CV;None;13.01.2026 19:15:10.506
48,00V;48,01V;6,00A;0,07A;350W;4W;N/A;N/A;Off;On;CV;None;13.01.2026 19:15:10.601
48,00V;48,01V;6,00A;0,07A;350W;4W;N/A;N/A;Off;On;CV;None;13.01.2026 19:15:10.696
48,00V;48,01V;6,00A;0,07A;350W;4W;N/A;N/A;Off;On;CV;None;13.01.2026 19:15:10.791
48,00V;48,01V;6,00A;0,07A;350W;4W;N/A;N/A;Off;On;CV;None;13.01.2026 19:15:10.901
48,00V;48,01V;6,00A;0,07A;350W;4W;N/A;N/A;Off;On;CV;None;13.01.2026 19:15:10.996
48,00V;48,01V;6,00A;0,07A;350W;4W;N/A;N/A;Off;On;CV;None;13.01.2026 19:15:11.105
48,00V;48,01V;6,00A;0,07A;350W;4W;N/A;N/A;Off;On;CV;None;13.01.2026 19:15:11.200
48,00V;48,01V;6,00A;0,07A;350W;4W;N/A;N/A;Off;On;CV;None;13.01.2026 19:15:11.294
48,00V;48,01V;6,00A;0,07A;350W;4W;N/A;N/A;Off;On;CV;None;13.01.2026 19:15:11.403
48,00V;48,01V;6,00A;0,07A;350W;4W;N/A;N/A;Off;On;CV;None;13.01.2026 19:15:11.496
48,00V;48,01V;6,00A;0,07A;350W;4W;N/A;N/A;Off;On;CV;None;13.01.2026 19:15:11.591
48,00V;48,01V;6,00A;0,07A;350W;4W;N/A;N/A;Off;On;CV;None;13.01.2026 19:15:11.701
48,00V;48,01V;6,00A;0,07A;350W;4W;N/A;N/A;Off;On;CV;None;13.01.2026 19:15:11.795
48,00V;48,01V;6,00A;0,07A;350W;4W;N/A;N/A;Off;On;CV;None;13.01.2026 19:15:11.905
48,00V;48,01V;6,00A;0,07A;350W;4W;N/A;N/A;Off;On;CV;None;13.01.2026 19:15:12.000
48,00V;48,01V;6,00A;0,08A;350W;4W;N/A;N/A;Off;On;CV;None;13.01.2026 19:15:12.092
48,00V;48,01V;6,00A;0,08A;350W;4W;N/A;N/A;Off;On;CV;None;13.01.2026 19:15:12.201
48,00V;48,01V;6,00A;0,08A;350W;4W;N/A;N/A;Off;On;CV;None;13.01.2026 19:15:12.295
48,00V;48,01V;6,00A;0,08A;350W;4W;N/A;N/A;Off;On;CV;None;13.01.2026 19:15:12.404
48,00V;48,01V;6,00A;0,08A;350W;4W;N/A;N/A;Off;On;CV;None;13.01.2026 19:15:12.497
48,00V;48,01V;6,00A;0,08A;350W;4W;N/A;N/A;Off;On;CV;None;13.01.2026 19:15:12.591
48,00V;48,01V;6,00A;0,08A;350W;4W;N/A;N/A;Off;On;CV;None;13.01.2026 19:15:12.701
48,00V;48,01V;6,00A;0,08A;350W;4W;N/A;N/A;Off;On;CV;None;13.01.2026 19:15:12.793
48,00V;48,01V;6,00A;0,08A;350W;4W;N/A;N/A;Off;On;CV;None;13.01.2026 19:15:12.902
48,00V;48,01V;6,00A;0,08A;350W;4W;N/A;N/A;Off;On;CV;None;13.01.2026 19:15:12.992
48,00V;48,01V;6,00A;0,08A;350W;4W;N/A;N/A;Off;On;CV;None;13.01.2026 19:15:13.101
48,00V;48,01V;6,00A;0,08A;350W;4W;N/A;N/A;Off;On;CV;None;13.01.2026 19:15:13.194
48,00V;48,01V;6,00A;0,08A;350W;4W;N/A;N/A;Off;On;CV;None;13.01.2026 19:15:13.304
48,00V;48,01V;6,00A;0,08A;350W;4W;N/A;N/A;Off;On;CV;None;13.01.2026 19:15:13.399
48,00V;48,01V;6,00A;0,08A;350W;4W;N/A;N/A;Off;On;CV;None;13.01.2026 19:15:13.493
48,00V;48,01V;6,00A;0,08A;350W;4W;N/A;N/A;Off;On;CV;None;13.01.2026 19:15:13.604
48,00V;48,01V;6,00A;0,08A;350W;4W;N/A;N/A;Off;On;CV;None;13.01.2026 19:15:13.698
48,00V;48,01V;6,00A;0,08A;350W;4W;N/A;N/A;Off;On;CV;None;13.01.2026 19:15:13.792
48,00V;48,01V;6,00A;0,08A;350W;4W;N/A;N/A;Off;On;CV;None;13.01.2026 19:15:13.900
48,00V;48,01V;6,00A;0,08A;350W;4W;N/A;N/A;Off;On;CV;None;13.01.2026 19:15:13.992
48,00V;48,01V;6,00A;0,08A;350W;4W;N/A;N/A;Off;On;CV;None;13.01.2026 19:15:14.100
48,00V;48,01V;6,00A;0,08A;350W;4W;N/A;N/A;Off;On;CV;None;13.01.2026 19:15:14.192
48,00V;48,01V;6,00A;0,08A;350W;4W;N/A;N/A;Off;On;CV;None;13.01.2026 19:15:14.301
48,00V;48,01V;6,00A;0,08A;350W;4W;N/A;N/A;Off;On;CV;None;13.01.2026 19:15:14.395
48,00V;48,01V;6,00A;0,08A;350W;4W;N/A;N/A;Off;On;CV;None;13.01.2026 19:15:14.505
48,00V;48,01V;6,00A;0,08A;350W;4W;N/A;N/A;Off;On;CV;None;13.01.2026 19:15:14.600
48,00V;48,01V;6,00A;0,08A;350W;4W;N/A;N/A;Off;On;CV;None;13.01.2026 19:15:14.694
48,00V;48,01V;6,00A;0,08A;350W;4W;N/A;N/A;Off;On;CV;None;13.01.2026 19:15:14.804
48,00V;48,01V;6,00A;0,08A;350W;4W;N/A;N/A;Off;On;CV;None;13.01.2026 19:15:14.898
48,00V;48,01V;6,00A;0,08A;350W;4W;N/A;N/A;Off;On;CV;None;13.01.2026 19:15:14.991
48,00V;48,01V;6,00A;0,08A;350W;4W;N/A;N/A;Off;On;CV;None;13.01.2026 19:15:15.099
48,00V;48,01V;6,00A;0,08A;350W;4W;N/A;N/A;Off;On;CV;None;13.01.2026 19:15:15.192
48,00V;48,01V;6,00A;0,08A;350W;4W;N/A;N/A;Off;On;CV;None;13.01.2026 19:15:15.301
48,00V;48,01V;6,00A;0,08A;350W;4W;N/A;N/A;Off;On;CV;None;13.01.2026 19:15:15.394
48,00V;48,01V;6,00A;0,08A;350W;4W;N/A;N/A;Off;On;CV;None;13.01.2026 19:15:15.504
48,00V;48,01V;6,00A;0,08A;350W;4W;N/A;N/A;Off;On;CV;None;13.01.2026 19:15:15.597
48,00V;48,01V;6,00A;0,08A;350W;4W;N/A;N/A;Off;On;CV;None;13.01.2026 19:15:15.691
48,00V;48,01V;6,00A;0,08A;350W;4W;N/A;N/A;Off;On;CV;None;13.01.2026 19:15:15.801
48,00V;48,01V;6,00A;0,08A;350W;4W;N/A;N/A;Off;On;CV;None;13.01.2026 19:15:15.896
48,00V;48,01V;6,00A;0,08A;350W;4W;N/A;N/A;Off;On;CV;None;13.01.2026 19:15:16.005
48,00V;48,01V;6,00A;0,08A;350W;4W;N/A;N/A;Off;On;CV;None;13.01.2026 19:15:16.100
48,00V;48,01V;6,00A;0,08A;350W;4W;N/A;N/A;Off;On;CV;None;13.01.2026 19:15:16.194
48,00V;48,01V;6,00A;0,08A;350W;4W;N/A;N/A;Off;On;CV;None;13.01.2026 19:15:16.303
48,00V;48,01V;6,00A;0,08A;350W;4W;N/A;N/A;Off;On;CV;None;13.01.2026 19:15:16.397
48,00V;48,01V;6,00A;0,08A;350W;4W;N/A;N/A;Off;On;CV;None;13.01.2026 19:15:16.492
48,00V;48,01V;6,00A;0,08A;350W;4W;N/A;N/A;Off;On;CV;None;13.01.2026 19:15:16.602
48,00V;48,01V;6,00A;0,08A;350W;4W;N/A;N/A;Off;On;CV;None;13.01.2026 19:15:16.695
48,00V;48,01V;6,00A;0,08A;350W;4W;N/A;N/A;Off;On;CV;None;13.01.2026 19:15:16.806
48,00V;48,01V;6,00A;0,08A;350W;4W;N/A;N/A;Off;On;CV;None;13.01.2026 19:15:16.901
48,00V;48,01V;6,00A;0,08A;350W;4W;N/A;N/A;Off;On;CV;None;13.01.2026 19:15:16.994
48,00V;48,01V;6,00A;0,26A;350W;12W;N/A;N/A;Off;On;CV;None;13.01.2026 19:15:17.105
48,00V;48,01V;6,00A;0,35A;350W;17W;N/A;N/A;Off;On;CV;None;13.01.2026 19:15:17.199
48,00V;48,01V;6,00A;0,58A;350W;28W;N/A;N/A;Off;On;CV;None;13.01.2026 19:15:17.293
48,00V;48,01V;6,00A;0,77A;350W;37W;N/A;N/A;Off;On;CV;None;13.01.2026 19:15:17.401
48,00V;48,01V;6,00A;1,10A;350W;53W;N/A;N/A;Off;On;CV;None;13.01.2026 19:15:17.492
48,00V;48,01V;6,00A;1,19A;350W;57W;N/A;N/A;Off;On;CV;None;13.01.2026 19:15:17.601
48,00V;48,01V;6,00A;1,30A;350W;62W;N/A;N/A;Off;On;CV;None;13.01.2026 19:15:17.694
48,00V;48,01V;6,00A;1,35A;350W;65W;N/A;N/A;Off;On;CV;None;13.01.2026 19:15:17.803
48,00V;48,01V;6,00A;1,36A;350W;65W;N/A;N/A;Off;On;CV;None;13.01.2026 19:15:17.897
48,00V;48,01V;6,00A;1,36A;350W;65W;N/A;N/A;Off;On;CV;None;13.01.2026 19:15:18.006
48,00V;48,01V;6,00A;1,35A;350W;65W;N/A;N/A;Off;On;CV;None;13.01.2026 19:15:18.099
48,00V;48,01V;6,00A;1,35A;350W;65W;N/A;N/A;Off;On;CV;None;13.01.2026 19:15:18.193
48,00V;48,01V;6,00A;1,35A;350W;65W;N/A;N/A;Off;On;CV;None;13.01.2026 19:15:18.302
48,00V;48,01V;6,00A;1,34A;350W;64W;N/A;N/A;Off;On;CV;None;13.01.2026 19:15:18.396
48,00V;48,01V;6,00A;1,34A;350W;64W;N/A;N/A;Off;On;CV;None;13.01.2026 19:15:18.491
48,00V;48,01V;6,00A;1,32A;350W;63W;N/A;N/A;Off;On;CV;None;13.01.2026 19:15:18.599
48,00V;48,01V;6,00A;1,31A;350W;63W;N/A;N/A;Off;On;CV;None;13.01.2026 19:15:18.693
48,00V;48,01V;6,00A;1,31A;350W;63W;N/A;N/A;Off;On;CV;None;13.01.2026 19:15:18.802
48,00V;48,01V;6,00A;1,31A;350W;63W;N/A;N/A;Off;On;CV;None;13.01.2026 19:15:18.896
48,00V;48,01V;6,00A;1,31A;350W;63W;N/A;N/A;Off;On;CV;None;13.01.2026 19:15:19.005
48,00V;48,01V;6,00A;1,29A;350W;62W;N/A;N/A;Off;On;CV;None;13.01.2026 19:15:19.098
48,00V;48,01V;6,00A;1,29A;350W;62W;N/A;N/A;Off;On;CV;None;13.01.2026 19:15:19.191
48,00V;48,01V;6,00A;1,28A;350W;61W;N/A;N/A;Off;On;CV;None;13.01.2026 19:15:19.298
48,00V;48,01V;6,00A;1,28A;350W;61W;N/A;N/A;Off;On;CV;None;13.01.2026 19:15:19.391
48,00V;48,01V;6,00A;1,26A;350W;61W;N/A;N/A;Off;On;CV;None;13.01.2026 19:15:19.500
48,00V;48,01V;6,00A;1,26A;350W;60W;N/A;N/A;Off;On;CV;None;13.01.2026 19:15:19.592
48,00V;48,01V;6,00A;1,25A;350W;60W;N/A;N/A;Off;On;CV;None;13.01.2026 19:15:19.700
48,00V;48,01V;6,00A;1,26A;350W;61W;N/A;N/A;Off;On;CV;None;13.01.2026 19:15:19.793
48,00V;48,01V;6,00A;1,26A;350W;60W;N/A;N/A;Off;On;CV;None;13.01.2026 19:15:19.901
48,00V;48,01V;6,00A;1,25A;350W;60W;N/A;N/A;Off;On;CV;None;13.01.2026 19:15:19.993
48,00V;48,01V;6,00A;1,25A;350W;60W;N/A;N/A;Off;On;CV;None;13.01.2026 19:15:20.102
48,00V;48,01V;6,00A;1,26A;350W;60W;N/A;N/A;Off;On;CV;None;13.01.2026 19:15:20.196
48,00V;48,01V;6,00A;1,25A;350W;60W;N/A;N/A;Off;On;CV;None;13.01.2026 19:15:20.306
48,00V;48,01V;6,00A;1,25A;350W;60W;N/A;N/A;Off;On;CV;None;13.01.2026 19:15:20.401
48,00V;48,01V;6,00A;1,22A;350W;59W;N/A;N/A;Off;On;CV;None;13.01.2026 19:15:20.495
48,00V;48,01V;6,00A;1,22A;350W;59W;N/A;N/A;Off;On;CV;None;13.01.2026 19:15:20.604
48,00V;48,01V;6,00A;1,21A;350W;58W;N/A;N/A;Off;On;CV;None;13.01.2026 19:15:20.698
48,00V;48,01V;6,00A;1,22A;350W;59W;N/A;N/A;Off;On;CV;None;13.01.2026 19:15:20.793
48,00V;48,01V;6,00A;1,23A;350W;59W;N/A;N/A;Off;On;CV;None;13.01.2026 19:15:20.900
48,00V;48,01V;6,00A;1,21A;350W;58W;N/A;N/A;Off;On;CV;None;13.01.2026 19:15:20.993
48,00V;48,01V;6,00A;1,21A;350W;58W;N/A;N/A;Off;On;CV;None;13.01.2026 19:15:21.104
48,00V;48,01V;6,00A;1,21A;350W;58W;N/A;N/A;Off;On;CV;None;13.01.2026 19:15:21.198
48,00V;48,01V;6,00A;1,21A;350W;58W;N/A;N/A;Off;On;CV;None;13.01.2026 19:15:21.293
48,00V;48,01V;6,00A;1,21A;350W;58W;N/A;N/A;Off;On;CV;None;13.01.2026 19:15:21.402
48,00V;48,01V;6,00A;1,21A;350W;58W;N/A;N/A;Off;On;CV;None;13.01.2026 19:15:21.495
48,00V;48,01V;6,00A;1,20A;350W;58W;N/A;N/A;Off;On;CV;None;13.01.2026 19:15:21.606
48,00V;48,01V;6,00A;1,20A;350W;58W;N/A;N/A;Off;On;CV;None;13.01.2026 19:15:21.701
48,00V;48,01V;6,00A;1,20A;350W;58W;N/A;N/A;Off;On;CV;None;13.01.2026 19:15:21.795
48,00V;48,01V;6,00A;1,21A;350W;58W;N/A;N/A;Off;On;CV;None;13.01.2026 19:15:21.905
48,00V;48,01V;6,00A;1,20A;350W;58W;N/A;N/A;Off;On;CV;None;13.01.2026 19:15:21.997
48,00V;48,01V;6,00A;1,21A;350W;58W;N/A;N/A;Off;On;CV;None;13.01.2026 19:15:22.105
48,00V;48,01V;6,00A;1,52A;350W;73W;N/A;N/A;Off;On;CV;None;13.01.2026 19:15:22.198
48,00V;48,01V;6,00A;1,76A;350W;85W;N/A;N/A;Off;On;CV;None;13.01.2026 19:15:22.292
48,00V;48,01V;6,00A;2,36A;350W;113W;N/A;N/A;Off;On;CV;None;13.01.2026 19:15:22.402
48,00V;48,01V;6,00A;2,69A;350W;129W;N/A;N/A;Off;On;CV;None;13.01.2026 19:15:22.495
48,00V;48,01V;6,00A;3,40A;350W;163W;N/A;N/A;Off;On;CV;None;13.01.2026 19:15:22.605
48,00V;48,00V;6,00A;4,22A;350W;202W;N/A;N/A;Off;On;CV;None;13.01.2026 19:15:22.700
48,00V;48,01V;6,00A;4,63A;350W;222W;N/A;N/A;Off;On;CV;None;13.01.2026 19:15:22.796
48,00V;48,01V;6,00A;4,93A;350W;237W;N/A;N/A;Off;On;CV;None;13.01.2026 19:15:22.906
48,00V;48,01V;6,00A;4,99A;350W;239W;N/A;N/A;Off;On;CV;None;13.01.2026 19:15:22.998
48,00V;48,01V;6,00A;4,98A;350W;239W;N/A;N/A;Off;On;CV;None;13.01.2026 19:15:23.093
48,00V;48,01V;6,00A;4,90A;350W;235W;N/A;N/A;Off;On;CV;None;13.01.2026 19:15:23.203
48,00V;48,01V;6,00A;4,85A;350W;233W;N/A;N/A;Off;On;CV;None;13.01.2026 19:15:23.298
48,00V;48,01V;6,00A;4,78A;350W;229W;N/A;N/A;Off;On;CV;None;13.01.2026 19:15:23.392
48,00V;48,01V;6,00A;4,76A;350W;228W;N/A;N/A;Off;On;CV;None;13.01.2026 19:15:23.501
48,00V;48,01V;6,00A;4,61A;350W;221W;N/A;N/A;Off;On;CV;None;13.01.2026 19:15:23.595
48,00V;48,01V;6,00A;4,57A;350W;219W;N/A;N/A;Off;On;CV;None;13.01.2026 19:15:23.703
48,00V;48,01V;6,00A;4,54A;350W;218W;N/A;N/A;Off;On;CV;None;13.01.2026 19:15:23.798
48,00V;48,01V;6,00A;4,53A;350W;217W;N/A;N/A;Off;On;CV;None;13.01.2026 19:15:23.891
48,00V;48,01V;6,00A;4,47A;350W;215W;N/A;N/A;Off;On;CV;None;13.01.2026 19:15:23.999
48,00V;48,01V;6,00A;4,42A;350W;212W;N/A;N/A;Off;On;CV;None;13.01.2026 19:15:24.094
48,00V;48,01V;6,00A;4,43A;350W;213W;N/A;N/A;Off;On;CV;None;13.01.2026 19:15:24.203
48,00V;48,01V;6,00A;4,40A;350W;211W;N/A;N/A;Off;On;CV;None;13.01.2026 19:15:24.297
48,00V;48,01V;6,00A;4,43A;350W;212W;N/A;N/A;Off;On;CV;None;13.01.2026 19:15:24.392
48,00V;48,01V;6,00A;4,40A;350W;211W;N/A;N/A;Off;On;CV;None;13.01.2026 19:15:24.500
48,00V;48,01V;6,00A;4,40A;350W;211W;N/A;N/A;Off;On;CV;None;13.01.2026 19:15:24.594
48,00V;48,01V;6,00A;4,41A;350W;211W;N/A;N/A;Off;On;CV;None;13.01.2026 19:15:24.703
48,00V;48,01V;6,00A;4,38A;350W;210W;N/A;N/A;Off;On;CV;None;13.01.2026 19:15:24.797
48,00V;48,01V;6,00A;4,36A;350W;209W;N/A;N/A;Off;On;CV;None;13.01.2026 19:15:24.891
48,00V;48,01V;6,00A;4,34A;350W;208W;N/A;N/A;Off;On;CV;None;13.01.2026 19:15:24.997
48,00V;48,01V;6,00A;4,30A;350W;206W;N/A;N/A;Off;On;CV;None;13.01.2026 19:15:25.105
48,00V;48,01V;6,00A;4,28A;350W;206W;N/A;N/A;Off;On;CV;None;13.01.2026 19:15:25.199
48,00V;48,01V;6,00A;4,30A;350W;206W;N/A;N/A;Off;On;CV;None;13.01.2026 19:15:25.294
48,00V;48,01V;6,00A;4,29A;350W;206W;N/A;N/A;Off;On;CV;None;13.01.2026 19:15:25.404
48,00V;48,01V;6,00A;4,23A;350W;203W;N/A;N/A;Off;On;CV;None;13.01.2026 19:15:25.498
48,00V;48,01V;6,00A;4,23A;350W;203W;N/A;N/A;Off;On;CV;None;13.01.2026 19:15:25.592
48,00V;48,01V;6,00A;4,23A;350W;203W;N/A;N/A;Off;On;CV;None;13.01.2026 19:15:25.700
48,00V;48,01V;6,00A;4,22A;350W;202W;N/A;N/A;Off;On;CV;None;13.01.2026 19:15:25.794
48,00V;48,01V;6,00A;4,25A;350W;204W;N/A;N/A;Off;On;CV;None;13.01.2026 19:15:25.903
48,00V;48,01V;6,00A;4,23A;350W;203W;N/A;N/A;Off;On;CV;None;13.01.2026 19:15:25.997
48,00V;48,01V;6,00A;4,31A;350W;207W;N/A;N/A;Off;On;CV;None;13.01.2026 19:15:26.091
48,00V;48,01V;6,00A;4,28A;350W;205W;N/A;N/A;Off;On;CV;None;13.01.2026 19:15:26.200
48,00V;48,01V;6,00A;4,27A;350W;205W;N/A;N/A;Off;On;CV;None;13.01.2026 19:15:26.295
48,00V;48,01V;6,00A;4,26A;350W;205W;N/A;N/A;Off;On;CV;None;13.01.2026 19:15:26.406
48,00V;48,01V;6,00A;4,22A;350W;202W;N/A;N/A;Off;On;CV;None;13.01.2026 19:15:26.498
48,00V;48,01V;6,00A;4,24A;350W;204W;N/A;N/A;Off;On;CV;None;13.01.2026 19:15:26.591
48,00V;48,01V;6,00A;4,28A;350W;205W;N/A;N/A;Off;On;CV;None;13.01.2026 19:15:26.703
48,00V;48,01V;6,00A;4,25A;350W;204W;N/A;N/A;Off;On;CV;None;13.01.2026 19:15:26.797
48,00V;48,01V;6,00A;4,24A;350W;204W;N/A;N/A;Off;On;CV;None;13.01.2026 19:15:26.891
48,00V;48,01V;6,00A;4,24A;350W;203W;N/A;N/A;Off;On;CV;None;13.01.2026 19:15:26.998
48,00V;48,01V;6,00A;4,21A;350W;202W;N/A;N/A;Off;On;CV;None;13.01.2026 19:15:27.092
48,00V;48,01V;6,00A;3,78A;350W;181W;N/A;N/A;Off;On;CV;None;13.01.2026 19:15:27.202
48,00V;48,01V;6,00A;3,05A;350W;147W;N/A;N/A;Off;On;CV;None;13.01.2026 19:15:27.296
48,00V;48,01V;6,00A;2,71A;350W;130W;N/A;N/A;Off;On;CV;None;13.01.2026 19:15:27.391
48,00V;48,01V;6,00A;2,13A;350W;102W;N/A;N/A;Off;On;CV;None;13.01.2026 19:15:27.498
48,00V;48,01V;6,00A;1,87A;350W;90W;N/A;N/A;Off;On;CV;None;13.01.2026 19:15:27.592
48,00V;48,01V;6,00A;1,40A;350W;67W;N/A;N/A;Off;On;CV;None;13.01.2026 19:15:27.702
48,00V;48,01V;6,00A;1,03A;350W;50W;N/A;N/A;Off;On;CV;None;13.01.2026 19:15:27.796
48,00V;48,01V;6,00A;0,88A;350W;42W;N/A;N/A;Off;On;CV;None;13.01.2026 19:15:27.891
48,00V;48,01V;6,00A;0,63A;350W;30W;N/A;N/A;Off;On;CV;None;13.01.2026 19:15:28.001
48,00V;48,01V;6,00A;0,59A;350W;28W;N/A;N/A;Off;On;CV;None;13.01.2026 19:15:28.095
48,00V;48,01V;6,00A;0,57A;350W;28W;N/A;N/A;Off;On;CV;None;13.01.2026 19:15:28.204
48,00V;48,01V;6,00A;0,56A;350W;27W;N/A;N/A;Off;On;CV;None;13.01.2026 19:15:28.299
48,00V;48,01V;6,00A;0,56A;350W;27W;N/A;N/A;Off;On;CV;None;13.01.2026 19:15:28.393
48,00V;48,01V;6,00A;0,55A;350W;27W;N/A;N/A;Off;On;CV;None;13.01.2026 19:15:28.501
48,00V;48,01V;6,00A;0,55A;350W;26W;N/A;N/A;Off;On;CV;None;13.01.2026 19:15:28.595
48,00V;48,01V;6,00A;0,55A;350W;26W;N/A;N/A;Off;On;CV;None;13.01.2026 19:15:28.705
48,00V;48,01V;6,00A;0,55A;350W;27W;N/A;N/A;Off;On;CV;None;13.01.2026 19:15:28.799
48,00V;48,01V;6,00A;0,55A;350W;27W;N/A;N/A;Off;On;CV;None;13.01.2026 19:15:28.893
48,00V;48,01V;6,00A;0,56A;350W;27W;N/A;N/A;Off;On;CV;None;13.01.2026 19:15:29.003
48,00V;48,01V;6,00A;0,55A;350W;27W;N/A;N/A;Off;On;CV;None;13.01.2026 19:15:29.097
48,00V;48,01V;6,00A;0,55A;350W;27W;N/A;N/A;Off;On;CV;None;13.01.2026 19:15:29.192
48,00V;48,01V;6,00A;0,55A;350W;27W;N/A;N/A;Off;On;CV;None;13.01.2026 19:15:29.303
48,00V;48,01V;6,00A;0,56A;350W;27W;N/A;N/A;Off;On;CV;None;13.01.2026 19:15:29.397
48,00V;48,01V;6,00A;0,56A;350W;27W;N/A;N/A;Off;On;CV;None;13.01.2026 19:15:29.492
48,00V;48,01V;6,00A;0,56A;350W;27W;N/A;N/A;Off;On;CV;None;13.01.2026 19:15:29.601
48,00V;48,01V;6,00A;0,56A;350W;27W;N/A;N/A;Off;On;CV;None;13.01.2026 19:15:29.694
48,00V;48,01V;6,00A;0,56A;350W;27W;N/A;N/A;Off;On;CV;None;13.01.2026 19:15:29.806
48,00V;48,01V;6,00A;0,56A;350W;27W;N/A;N/A;Off;On;CV;None;13.01.2026 19:15:29.898
48,00V;48,01V;6,00A;0,56A;350W;27W;N/A;N/A;Off;On;CV;None;13.01.2026 19:15:29.992
48,00V;48,01V;6,00A;0,56A;350W;27W;N/A;N/A;Off;On;CV;None;13.01.2026 19:15:30.101
48,00V;48,01V;6,00A;0,56A;350W;27W;N/A;N/A;Off;On;CV;None;13.01.2026 19:15:30.196
48,00V;48,01V;6,00A;0,56A;350W;27W;N/A;N/A;Off;On;CV;None;13.01.2026 19:15:30.306
48,00V;48,01V;6,00A;0,57A;350W;27W;N/A;N/A;Off;On;CV;None;13.01.2026 19:15:30.401
48,00V;48,01V;6,00A;0,57A;350W;27W;N/A;N/A;Off;On;CV;None;13.01.2026 19:15:30.493
48,00V;48,01V;6,00A;0,57A;350W;27W;N/A;N/A;Off;On;CV;None;13.01.2026 19:15:30.603
48,00V;48,01V;6,00A;0,57A;350W;27W;N/A;N/A;Off;On;CV;None;13.01.2026 19:15:30.697
48,00V;48,01V;6,00A;0,57A;350W;27W;N/A;N/A;Off;On;CV;None;13.01.2026 19:15:30.805
48,00V;48,01V;6,00A;0,57A;350W;27W;N/A;N/A;Off;On;CV;None;13.01.2026 19:15:30.901
48,00V;48,01V;6,00A;0,57A;350W;27W;N/A;N/A;Off;On;CV;None;13.01.2026 19:15:30.993
48,00V;48,01V;6,00A;0,57A;350W;27W;N/A;N/A;Off;On;CV;None;13.01.2026 19:15:31.103
48,00V;48,01V;6,00A;0,57A;350W;28W;N/A;N/A;Off;On;CV;None;13.01.2026 19:15:31.196
48,00V;48,01V;6,00A;0,57A;350W;27W;N/A;N/A;Off;On;CV;None;13.01.2026 19:15:31.291
48,00V;48,01V;6,00A;0,57A;350W;27W;N/A;N/A;Off;On;CV;None;13.01.2026 19:15:31.400
48,00V;48,01V;6,00A;0,57A;350W;27W;N/A;N/A;Off;On;CV;None;13.01.2026 19:15:31.494
48,00V;48,01V;6,00A;0,57A;350W;28W;N/A;N/A;Off;On;CV;None;13.01.2026 19:15:31.602
48,00V;48,01V;6,00A;0,57A;350W;28W;N/A;N/A;Off;On;CV;None;13.01.2026 19:15:31.695
48,00V;48,01V;6,00A;0,57A;350W;28W;N/A;N/A;Off;On;CV;None;13.01.2026 19:15:31.803
48,00V;48,01V;6,00A;0,58A;350W;28W;N/A;N/A;Off;On;CV;None;13.01.2026 19:15:31.896
48,00V;48,01V;6,00A;0,58A;350W;28W;N/A;N/A;Off;On;CV;None;13.01.2026 19:15:32.005
48,00V;48,01V;6,00A;0,58A;350W;28W;N/A;N/A;Off;On;CV;None;13.01.2026 19:15:32.098
48,00V;48,01V;6,00A;0,58A;350W;28W;N/A;N/A;Off;On;CV;None;13.01.2026 19:15:32.192
48,00V;48,01V;6,00A;0,58A;350W;28W;N/A;N/A;Off;On;CV;None;13.01.2026 19:15:32.303
48,00V;48,01V;6,00A;0,58A;350W;28W;N/A;N/A;Off;On;CV;None;13.01.2026 19:15:32.397
48,00V;48,01V;6,00A;0,58A;350W;28W;N/A;N/A;Off;On;CV;None;13.01.2026 19:15:32.493
48,00V;48,01V;6,00A;0,58A;350W;28W;N/A;N/A;Off;On;CV;None;13.01.2026 19:15:32.601
48,00V;48,01V;6,00A;0,58A;350W;28W;N/A;N/A;Off;On;CV;None;13.01.2026 19:15:32.695
48,00V;48,01V;6,00A;0,58A;350W;28W;N/A;N/A;Off;On;CV;None;13.01.2026 19:15:32.805
48,00V;48,01V;6,00A;0,58A;350W;28W;N/A;N/A;Off;On;CV;None;13.01.2026 19:15:32.897
48,00V;48,01V;6,00A;0,58A;350W;28W;N/A;N/A;Off;On;CV;None;13.01.2026 19:15:33.006
48,00V;48,01V;6,00A;0,58A;350W;28W;N/A;N/A;Off;On;CV;None;13.01.2026 19:15:33.101
48,00V;48,01V;6,00A;0,58A;350W;28W;N/A;N/A;Off;On;CV;None;13.01.2026 19:15:33.195
48,00V;48,01V;6,00A;0,58A;350W;28W;N/A;N/A;Off;On;CV;None;13.01.2026 19:15:33.303
48,00V;48,01V;6,00A;0,58A;350W;28W;N/A;N/A;Off;On;CV;None;13.01.2026 19:15:33.397
48,00V;48,01V;6,00A;0,59A;350W;28W;N/A;N/A;Off;On;CV;None;13.01.2026 19:15:33.491
48,00V;48,01V;6,00A;0,58A;350W;28W;N/A;N/A;Off;On;CV;None;13.01.2026 19:15:33.601
48,00V;48,01V;6,00A;0,58A;350W;28W;N/A;N/A;Off;On;CV;None;13.01.2026 19:15:33.695
48,00V;48,01V;6,00A;0,58A;350W;28W;N/A;N/A;Off;On;CV;None;13.01.2026 19:15:33.804
48,00V;48,01V;6,00A;0,59A;350W;28W;N/A;N/A;Off;On;CV;None;13.01.2026 19:15:33.897
48,00V;48,01V;6,00A;0,59A;350W;28W;N/A;N/A;Off;On;CV;None;13.01.2026 19:15:34.005
48,00V;48,01V;6,00A;0,58A;350W;28W;N/A;N/A;Off;On;CV;None;13.01.2026 19:15:34.099
48,00V;48,01V;6,00A;0,59A;350W;28W;N/A;N/A;Off;On;CV;None;13.01.2026 19:15:34.193
48,00V;48,01V;6,00A;0,58A;350W;28W;N/A;N/A;Off;On;CV;None;13.01.2026 19:15:34.304
48,00V;48,01V;6,00A;0,59A;350W;28W;N/A;N/A;Off;On;CV;None;13.01.2026 19:15:34.399
48,00V;48,01V;6,00A;0,59A;350W;28W;N/A;N/A;Off;On;CV;None;13.01.2026 19:15:34.492
48,00V;48,01V;6,00A;0,59A;350W;28W;N/A;N/A;Off;On;CV;None;13.01.2026 19:15:34.602
48,00V;48,01V;6,00A;0,58A;350W;28W;N/A;N/A;Off;On;CV;None;13.01.2026 19:15:34.697
48,00V;48,01V;6,00A;0,58A;350W;28W;N/A;N/A;Off;On;CV;None;13.01.2026 19:15:34.806
48,00V;48,01V;6,00A;0,59A;350W;28W;N/A;N/A;Off;On;CV;None;13.01.2026 19:15:34.900
48,00V;48,01V;6,00A;0,59A;350W;28W;N/A;N/A;Off;On;CV;None;13.01.2026 19:15:34.995
48,00V;48,01V;6,00A;0,58A;350W;28W;N/A;N/A;Off;On;CV;None;13.01.2026 19:15:35.103
48,00V;48,01V;6,00A;0,58A;350W;28W;N/A;N/A;Off;On;CV;None;13.01.2026 19:15:35.196
48,00V;48,01V;6,00A;0,59A;350W;28W;N/A;N/A;Off;On;CV;None;13.01.2026 19:15:35.306
48,00V;48,01V;6,00A;0,59A;350W;28W;N/A;N/A;Off;On;CV;None;13.01.2026 19:15:35.401
48,00V;48,01V;6,00A;0,59A;350W;28W;N/A;N/A;Off;On;CV;None;13.01.2026 19:15:35.494
48,00V;48,01V;6,00A;0,59A;350W;28W;N/A;N/A;Off;On;CV;None;13.01.2026 19:15:35.604
48,00V;48,01V;6,00A;0,59A;350W;28W;N/A;N/A;Off;On;CV;None;13.01.2026 19:15:35.697
48,00V;48,01V;6,00A;0,59A;350W;28W;N/A;N/A;Off;On;CV;None;13.01.2026 19:15:35.792
48,00V;48,01V;6,00A;0,59A;350W;28W;N/A;N/A;Off;On;CV;None;13.01.2026 19:15:35.903
48,00V;48,01V;6,00A;0,59A;350W;28W;N/A;N/A;Off;On;CV;None;13.01.2026 19:15:35.996
48,00V;48,01V;6,00A;0,59A;350W;28W;N/A;N/A;Off;On;CV;None;13.01.2026 19:15:36.091
48,00V;48,01V;6,00A;0,59A;350W;28W;N/A;N/A;Off;On;CV;None;13.01.2026 19:15:36.201
48,00V;48,01V;6,00A;0,59A;350W;28W;N/A;N/A;Off;On;CV;None;13.01.2026 19:15:36.295
48,00V;48,01V;6,00A;0,59A;350W;28W;N/A;N/A;Off;On;CV;None;13.01.2026 19:15:36.404
48,00V;48,01V;6,00A;0,58A;350W;28W;N/A;N/A;Off;On;CV;None;13.01.2026 19:15:36.498
48,00V;48,01V;6,00A;0,59A;350W;28W;N/A;N/A;Off;On;CV;None;13.01.2026 19:15:36.591
48,00V;48,01V;6,00A;0,59A;350W;28W;N/A;N/A;Off;On;CV;None;13.01.2026 19:15:36.700
48,00V;48,01V;6,00A;0,59A;350W;28W;N/A;N/A;Off;On;CV;None;13.01.2026 19:15:36.794
48,00V;48,01V;6,00A;0,58A;350W;28W;N/A;N/A;Off;On;CV;None;13.01.2026 19:15:36.903
48,00V;48,01V;6,00A;0,59A;350W;28W;N/A;N/A;Off;On;CV;None;13.01.2026 19:15:36.996
48,00V;48,01V;6,00A;0,59A;350W;28W;N/A;N/A;Off;On;CV;None;13.01.2026 19:15:37.102
48,00V;48,01V;6,00A;0,55A;350W;27W;N/A;N/A;Off;On;CV;None;13.01.2026 19:15:37.195
48,00V;48,01V;6,00A;0,49A;350W;23W;N/A;N/A;Off;On;CV;None;13.01.2026 19:15:37.305
48,00V;48,01V;6,00A;0,39A;350W;19W;N/A;N/A;Off;On;CV;None;13.01.2026 19:15:37.399
48,00V;48,01V;6,00A;0,37A;350W;18W;N/A;N/A;Off;On;CV;None;13.01.2026 19:15:37.492
48,00V;48,01V;6,00A;0,35A;350W;17W;N/A;N/A;Off;On;CV;None;13.01.2026 19:15:37.603
48,00V;48,01V;6,00A;0,34A;350W;16W;N/A;N/A;Off;On;CV;None;13.01.2026 19:15:37.697
48,00V;48,01V;6,00A;0,28A;350W;14W;N/A;N/A;Off;On;CV;None;13.01.2026 19:15:37.791
48,00V;48,01V;6,00A;0,10A;350W;5W;N/A;N/A;Off;On;CV;None;13.01.2026 19:15:37.901
48,00V;48,01V;6,00A;0,09A;350W;4W;N/A;N/A;Off;On;CV;None;13.01.2026 19:15:37.995
48,00V;48,01V;6,00A;0,08A;350W;4W;N/A;N/A;Off;On;CV;None;13.01.2026 19:15:38.104
48,00V;48,01V;6,00A;0,08A;350W;4W;N/A;N/A;Off;On;CV;None;13.01.2026 19:15:38.197
48,00V;48,01V;6,00A;0,08A;350W;4W;N/A;N/A;Off;On;CV;None;13.01.2026 19:15:38.292
48,00V;48,01V;6,00A;0,08A;350W;4W;N/A;N/A;Off;On;CV;None;13.01.2026 19:15:38.401
48,00V;48,01V;6,00A;0,08A;350W;4W;N/A;N/A;Off;On;CV;None;13.01.2026 19:15:38.495
48,00V;48,01V;6,00A;0,08A;350W;4W;N/A;N/A;Off;On;CV;None;13.01.2026 19:15:38.605
48,00V;48,01V;6,00A;0,08A;350W;4W;N/A;N/A;Off;On;CV;None;13.01.2026 19:15:38.699
48,00V;48,01V;6,00A;0,08A;350W;4W;N/A;N/A;Off;On;CV;None;13.01.2026 19:15:38.793
48,00V;48,01V;6,00A;0,08A;350W;4W;N/A;N/A;Off;On;CV;None;13.01.2026 19:15:38.903
48,00V;48,01V;6,00A;0,08A;350W;4W;N/A;N/A;Off;On;CV;None;13.01.2026 19:15:38.996
48,00V;48,01V;6,00A;0,08A;350W;4W;N/A;N/A;Off;On;CV;None;13.01.2026 19:15:39.105
48,00V;48,01V;6,00A;0,08A;350W;4W;N/A;N/A;Off;On;CV;None;13.01.2026 19:15:39.200
48,00V;48,01V;6,00A;0,08A;350W;4W;N/A;N/A;Off;On;CV;None;13.01.2026 19:15:39.292
48,00V;48,01V;6,00A;0,08A;350W;4W;N/A;N/A;Off;On;CV;None;13.01.2026 19:15:39.401
48,00V;48,01V;6,00A;0,08A;350W;4W;N/A;N/A;Off;On;CV;None;13.01.2026 19:15:39.495
48,00V;48,01V;6,00A;0,08A;350W;4W;N/A;N/A;Off;On;CV;None;13.01.2026 19:15:39.604
48,00V;48,01V;6,00A;0,08A;350W;4W;N/A;N/A;Off;On;CV;None;13.01.2026 19:15:39.697
48,00V;48,01V;6,00A;0,08A;350W;4W;N/A;N/A;Off;On;CV;None;13.01.2026 19:15:39.791
48,00V;48,01V;6,00A;0,08A;350W;4W;N/A;N/A;Off;On;CV;None;13.01.2026 19:15:39.899
48,00V;48,01V;6,00A;0,08A;350W;4W;N/A;N/A;Off;On;CV;None;13.01.2026 19:15:39.993
48,00V;48,01V;6,00A;0,08A;350W;4W;N/A;N/A;Off;On;CV;None;13.01.2026 19:15:40.102
48,00V;48,01V;6,00A;0,08A;350W;4W;N/A;N/A;Off;On;CV;None;13.01.2026 19:15:40.196
48,00V;48,01V;6,00A;0,08A;350W;4W;N/A;N/A;Off;On;CV;None;13.01.2026 19:15:40.305
48,00V;48,01V;6,00A;0,08A;350W;4W;N/A;N/A;Off;On;CV;None;13.01.2026 19:15:40.399
48,00V;48,01V;6,00A;0,08A;350W;4W;N/A;N/A;Off;On;CV;None;13.01.2026 19:15:40.492
48,00V;48,01V;6,00A;0,08A;350W;4W;N/A;N/A;Off;On;CV;None;13.01.2026 19:15:40.602
48,00V;48,01V;6,00A;0,08A;350W;4W;N/A;N/A;Off;On;CV;None;13.01.2026 19:15:40.696
48,00V;48,01V;6,00A;0,08A;350W;4W;N/A;N/A;Off;On;CV;None;13.01.2026 19:15:40.805
48,00V;48,01V;6,00A;0,08A;350W;4W;N/A;N/A;Off;On;CV;None;13.01.2026 19:15:40.900
48,00V;48,01V;6,00A;0,08A;350W;4W;N/A;N/A;Off;On;CV;None;13.01.2026 19:15:40.995
48,00V;48,01V;6,00A;0,08A;350W;4W;N/A;N/A;Off;On;CV;None;13.01.2026 19:15:41.103
48,00V;48,01V;6,00A;0,08A;350W;4W;N/A;N/A;Off;On;CV;None;13.01.2026 19:15:41.196
48,00V;48,01V;6,00A;0,08A;350W;4W;N/A;N/A;Off;On;CV;None;13.01.2026 19:15:41.304
48,00V;48,01V;6,00A;0,08A;350W;4W;N/A;N/A;Off;On;CV;None;13.01.2026 19:15:41.398
48,00V;48,01V;6,00A;0,08A;350W;4W;N/A;N/A;Off;On;CV;None;13.01.2026 19:15:41.491
48,00V;48,01V;6,00A;0,08A;350W;4W;N/A;N/A;Off;On;CV;None;13.01.2026 19:15:41.599
48,00V;48,01V;6,00A;0,08A;350W;4W;N/A;N/A;Off;On;CV;None;13.01.2026 19:15:41.692
48,00V;48,01V;6,00A;0,08A;350W;4W;N/A;N/A;Off;On;CV;None;13.01.2026 19:15:41.803
48,00V;48,01V;6,00A;0,08A;350W;4W;N/A;N/A;Off;On;CV;None;13.01.2026 19:15:41.897
48,00V;48,01V;6,00A;0,08A;350W;4W;N/A;N/A;Off;On;CV;None;13.01.2026 19:15:42.006
48,00V;48,01V;6,00A;0,08A;350W;4W;N/A;N/A;Off;On;CV;None;13.01.2026 19:15:42.100
48,00V;48,01V;6,00A;0,08A;350W;4W;N/A;N/A;Off;On;CV;None;13.01.2026 19:15:42.194
48,00V;48,01V;6,00A;0,08A;350W;4W;N/A;N/A;Off;On;CV;None;13.01.2026 19:15:42.302
48,00V;48,01V;6,00A;0,08A;350W;4W;N/A;N/A;Off;On;CV;None;13.01.2026 19:15:42.396
48,00V;48,01V;6,00A;0,08A;350W;4W;N/A;N/A;Off;On;CV;None;13.01.2026 19:15:42.505
48,00V;48,01V;6,00A;0,08A;350W;4W;N/A;N/A;Off;On;CV;None;13.01.2026 19:15:42.598
48,00V;48,01V;6,00A;0,08A;350W;4W;N/A;N/A;Off;On;CV;None;13.01.2026 19:15:42.691
48,00V;48,01V;6,00A;0,08A;350W;4W;N/A;N/A;Off;On;CV;None;13.01.2026 19:15:42.799
48,00V;48,01V;6,00A;0,07A;350W;4W;N/A;N/A;Off;On;CV;None;13.01.2026 19:15:42.891
48,00V;48,01V;6,00A;0,07A;350W;4W;N/A;N/A;Off;On;CV;None;13.01.2026 19:15:42.997
48,00V;48,01V;6,00A;0,07A;350W;4W;N/A;N/A;Off;On;CV;None;13.01.2026 19:15:43.106
48,00V;48,01V;6,00A;0,07A;350W;4W;N/A;N/A;Off;On;CV;None;13.01.2026 19:15:43.199
48,00V;48,01V;6,00A;0,08A;350W;4W;N/A;N/A;Off;On;CV;None;13.01.2026 19:15:43.305
48,00V;48,01V;6,00A;0,08A;350W;4W;N/A;N/A;Off;On;CV;None;13.01.2026 19:15:43.399
48,00V;48,01V;6,00A;0,08A;350W;4W;N/A;N/A;Off;On;CV;None;13.01.2026 19:15:43.492
48,00V;48,01V;6,00A;0,08A;350W;4W;N/A;N/A;Off;On;CV;None;13.01.2026 19:15:43.600
48,00V;48,01V;6,00A;0,08A;350W;4W;N/A;N/A;Off;On;CV;None;13.01.2026 19:15:43.693
48,00V;48,01V;6,00A;0,08A;350W;4W;N/A;N/A;Off;On;CV;None;13.01.2026 19:15:43.803
48,00V;48,01V;6,00A;0,08A;350W;4W;N/A;N/A;Off;On;CV;None;13.01.2026 19:15:43.895
48,00V;48,01V;6,00A;0,08A;350W;4W;N/A;N/A;Off;On;CV;None;13.01.2026 19:15:44.004
48,00V;48,01V;6,00A;0,08A;350W;4W;N/A;N/A;Off;On;CV;None;13.01.2026 19:15:44.096
48,00V;48,01V;6,00A;0,08A;350W;4W;N/A;N/A;Off;On;CV;None;13.01.2026 19:15:44.205
48,00V;48,01V;6,00A;0,08A;350W;4W;N/A;N/A;Off;On;CV;None;13.01.2026 19:15:44.300
48,00V;48,01V;6,00A;0,08A;350W;4W;N/A;N/A;Off;On;CV;None;13.01.2026 19:15:44.392
48,00V;48,01V;6,00A;0,08A;350W;4W;N/A;N/A;Off;On;CV;None;13.01.2026 19:15:44.501
48,00V;48,01V;6,00A;0,08A;350W;4W;N/A;N/A;Off;On;CV;None;13.01.2026 19:15:44.594
48,00V;48,01V;6,00A;0,08A;350W;4W;N/A;N/A;Off;On;CV;None;13.01.2026 19:15:44.705
48,00V;48,01V;6,00A;0,08A;350W;4W;N/A;N/A;Off;On;CV;None;13.01.2026 19:15:44.798
48,00V;48,01V;6,00A;0,08A;350W;4W;N/A;N/A;Off;On;CV;None;13.01.2026 19:15:44.891
48,00V;48,01V;6,00A;0,08A;350W;4W;N/A;N/A;Off;On;CV;None;13.01.2026 19:15:45.001
48,00V;48,01V;6,00A;0,07A;350W;4W;N/A;N/A;Off;On;CV;None;13.01.2026 19:15:45.093
48,00V;48,01V;6,00A;0,07A;350W;4W;N/A;N/A;Off;On;CV;None;13.01.2026 19:15:45.203
48,00V;48,01V;6,00A;0,07A;350W;4W;N/A;N/A;Off;On;CV;None;13.01.2026 19:15:45.300
48,00V;48,01V;6,00A;0,07A;350W;4W;N/A;N/A;Off;On;CV;None;13.01.2026 19:15:45.394
48,00V;48,01V;6,00A;0,07A;350W;4W;N/A;N/A;Off;On;CV;None;13.01.2026 19:15:45.504
48,00V;48,01V;6,00A;0,07A;350W;4W;N/A;N/A;Off;On;CV;None;13.01.2026 19:15:45.597
48,00V;48,01V;6,00A;0,07A;350W;4W;N/A;N/A;Off;On;CV;None;13.01.2026 19:15:45.692
48,00V;48,01V;6,00A;0,07A;350W;4W;N/A;N/A;Off;On;CV;None;13.01.2026 19:15:45.800
48,00V;48,01V;6,00A;0,07A;350W;4W;N/A;N/A;Off;On;CV;None;13.01.2026 19:15:45.898
48,00V;48,01V;6,00A;0,07A;350W;4W;N/A;N/A;Off;On;CV;None;13.01.2026 19:15:45.991
48,00V;48,01V;6,00A;0,07A;350W;4W;N/A;N/A;Off;On;CV;None;13.01.2026 19:15:46.100
48,00V;48,01V;6,00A;0,07A;350W;4W;N/A;N/A;Off;On;CV;None;13.01.2026 19:15:46.193
48,00V;48,01V;6,00A;0,07A;350W;4W;N/A;N/A;Off;On;CV;None;13.01.2026 19:15:46.304
48,00V;48,01V;6,00A;0,07A;350W;4W;N/A;N/A;Off;On;CV;None;13.01.2026 19:15:46.399
48,00V;48,01V;6,00A;0,07A;350W;4W;N/A;N/A;Off;On;CV;None;13.01.2026 19:15:46.493
48,00V;48,01V;6,00A;0,07A;350W;4W;N/A;N/A;Off;On;CV;None;13.01.2026 19:15:46.603
48,00V;48,01V;6,00A;0,07A;350W;4W;N/A;N/A;Off;On;CV;None;13.01.2026 19:15:46.697
48,00V;48,01V;6,00A;0,07A;350W;4W;N/A;N/A;Off;On;CV;None;13.01.2026 19:15:46.791
48,00V;48,01V;6,00A;0,08A;350W;4W;N/A;N/A;Off;On;CV;None;13.01.2026 19:15:46.901
48,00V;48,01V;6,00A;0,08A;350W;4W;N/A;N/A;Off;On;CV;None;13.01.2026 19:15:46.993
48,00V;48,01V;6,00A;0,08A;350W;4W;N/A;N/A;Off;On;CV;None;13.01.2026 19:15:47.101
48,00V;48,01V;6,00A;0,08A;350W;4W;N/A;N/A;Off;On;CV;None;13.01.2026 19:15:47.195
48,00V;48,01V;6,00A;0,08A;350W;4W;N/A;N/A;Off;On;CV;None;13.01.2026 19:15:47.302
48,00V;48,01V;6,00A;0,08A;350W;4W;N/A;N/A;Off;On;CV;None;13.01.2026 19:15:47.395
48,00V;48,01V;6,00A;0,08A;350W;4W;N/A;N/A;Off;On;CV;None;13.01.2026 19:15:47.503
48,00V;48,01V;6,00A;0,08A;350W;4W;N/A;N/A;Off;On;CV;None;13.01.2026 19:15:47.595
48,00V;48,01V;6,00A;0,08A;350W;4W;N/A;N/A;Off;On;CV;None;13.01.2026 19:15:47.704
48,00V;48,01V;6,00A;0,08A;350W;4W;N/A;N/A;Off;On;CV;None;13.01.2026 19:15:47.797
48,00V;48,01V;6,00A;0,08A;350W;4W;N/A;N/A;Off;On;CV;None;13.01.2026 19:15:47.905
48,00V;48,01V;6,00A;0,08A;350W;4W;N/A;N/A;Off;On;CV;None;13.01.2026 19:15:47.998
48,00V;48,01V;6,00A;0,08A;350W;4W;N/A;N/A;Off;On;CV;None;13.01.2026 19:15:48.091
48,00V;48,01V;6,00A;0,08A;350W;4W;N/A;N/A;Off;On;CV;None;13.01.2026 19:15:48.200
48,00V;48,01V;6,00A;0,08A;350W;4W;N/A;N/A;Off;On;CV;None;13.01.2026 19:15:48.293
48,00V;48,01V;6,00A;0,08A;350W;4W;N/A;N/A;Off;On;CV;None;13.01.2026 19:15:48.402
48,00V;48,01V;6,00A;0,08A;350W;4W;N/A;N/A;Off;On;CV;None;13.01.2026 19:15:48.495
48,00V;48,01V;6,00A;0,08A;350W;4W;N/A;N/A;Off;On;CV;None;13.01.2026 19:15:48.604
48,00V;48,01V;6,00A;0,08A;350W;4W;N/A;N/A;Off;On;CV;None;13.01.2026 19:15:48.696
48,00V;48,01V;6,00A;0,08A;350W;4W;N/A;N/A;Off;On;CV;None;13.01.2026 19:15:48.803
48,00V;48,01V;6,00A;0,08A;350W;4W;N/A;N/A;Off;On;CV;None;13.01.2026 19:15:48.896
48,00V;48,01V;6,00A;0,08A;350W;4W;N/A;N/A;Off;On;CV;None;13.01.2026 19:15:49.005
48,00V;48,01V;6,00A;0,08A;350W;4W;N/A;N/A;Off;On;CV;None;13.01.2026 19:15:49.096
48,00V;48,01V;6,00A;0,08A;350W;4W;N/A;N/A;Off;On;CV;None;13.01.2026 19:15:49.203
48,00V;48,01V;6,00A;0,08A;350W;4W;N/A;N/A;Off;On;CV;None;13.01.2026 19:15:49.296
48,00V;48,01V;6,00A;0,08A;350W;4W;N/A;N/A;Off;On;CV;None;13.01.2026 19:15:49.404
48,00V;48,01V;6,00A;0,08A;350W;4W;N/A;N/A;Off;On;CV;None;13.01.2026 19:15:49.491
48,00V;48,01V;6,00A;0,08A;350W;4W;N/A;N/A;Off;On;CV;None;13.01.2026 19:15:49.591
48,00V;48,01V;6,00A;0,08A;350W;4W;N/A;N/A;Off;On;CV;None;13.01.2026 19:15:49.691
48,00V;48,01V;6,00A;0,07A;350W;4W;N/A;N/A;Off;On;CV;None;13.01.2026 19:15:49.791
48,00V;48,01V;6,00A;0,08A;350W;4W;N/A;N/A;Off;On;CV;None;13.01.2026 19:15:49.891
48,00V;48,01V;6,00A;0,08A;350W;4W;N/A;N/A;Off;On;CV;None;13.01.2026 19:15:49.991
48,00V;48,01V;6,00A;0,08A;350W;4W;N/A;N/A;Off;On;CV;None;13.01.2026 19:15:50.091
48,00V;48,01V;6,00A;0,08A;350W;4W;N/A;N/A;Off;On;CV;None;13.01.2026 19:15:50.191
48,00V;48,01V;6,00A;0,08A;350W;4W;N/A;N/A;Off;On;CV;None;13.01.2026 19:15:50.291
48,00V;48,01V;6,00A;0,08A;350W;4W;N/A;N/A;Off;On;CV;None;13.01.2026 19:15:50.391
48,00V;48,01V;6,00A;0,08A;350W;4W;N/A;N/A;Off;On;CV;None;13.01.2026 19:15:50.491
48,00V;48,01V;6,00A;0,08A;350W;4W;N/A;N/A;Off;On;CV;None;13.01.2026 19:15:50.591
48,00V;48,01V;6,00A;0,08A;350W;4W;N/A;N/A;Off;On;CV;None;13.01.2026 19:15:50.691
48,00V;48,01V;6,00A;0,08A;350W;4W;N/A;N/A;Off;On;CV;None;13.01.2026 19:15:50.791
48,00V;48,01V;6,00A;0,07A;350W;4W;N/A;N/A;Off;On;CV;None;13.01.2026 19:15:50.891

